Title,Author,Format,Published Date
Twas The Nightshift Before Christmas,Adam Kay,Hardback,17 Oct 2019
This is Going to Hurt,Adam Kay,Paperback,19 Apr 2018
Wrecking Ball: Diary of a Wimpy Kid (14),Jeff Kinney,Paperback,05 Nov 2019
The Testaments,Margaret Atwood,Hardback,18 Sep 2019
Lady in Waiting,Anne Glenconner,Hardback,17 Oct 2019
Me,Elton John,Hardback,07 Nov 2019
No Friend but the Mountains,Behrouz Boochani,Paperback,11 Jul 2019
Educated,Tara Westover,Paperback,27 Nov 2018
The Body,Bill Bryson,Paperback,03 Oct 2019
Unlock It,Dan Lok,Hardback,29 Oct 2019
Lost Connections,Johann Hari,Paperback,11 Jan 2019
The Barefoot Investor,Scott Pape,Paperback,01 Jul 2018
Dear Zoo,Rod Campbell,Board book,08 May 2007
Normal People,Sally Rooney,Paperback,23 Jul 2019
Blue Moon,Lee Child,Paperback,29 Oct 2019
Look Inside Your Body,Louie Stowell,Hardback,01 Aug 2018
Sapiens,Yuval Noah Harari,Paperback,15 Sep 2016
A Gentleman in Moscow,Amor Towles,Paperback,10 Jan 2018
The Dinky Donkey (PB),Craig Smith,Paperback,01 Nov 2019
The Power of Now,Eckhart Tolle,Paperback,01 Feb 2001
Veg,Jamie Oliver,Hardback,19 Sep 2019
Harry Potter and the Goblet of Fire,J.K. Rowling,Hardback,08 Oct 2019
Against All Odds,Craig Challen,Paperback,05 Nov 2019
The Tattooist of Auschwitz,Heather Morris,Paperback,04 Oct 2018
Strange Planet: The Comic Sensation of the Year,Nathan Pyle,Hardback,19 Nov 2019
Start With Why,Simon Sinek,Paperback,03 Apr 2018
Ottolenghi SIMPLE,Yotam Ottolenghi,Hardback,06 Sep 2018
The Subtle Art of Not Giving a F*ck,Mark Manson,Paperback,14 Oct 2016
Have You Filled A Bucket Today?,Carol McCloud,Paperback,01 Oct 2015
Brain Games For Clever Kids,Gareth Moore,Paperback,01 Oct 2014
Atomic Habits,James Clear,Paperback,27 Nov 2018
The Body,Bill Bryson,Hardback,03 Oct 2019
The Jolly Christmas Postman,Allan Ahlberg,Hardback,02 Oct 2014
The Wonderful Things You Will Be,Emily Winfield Martin,Hardback,22 Sep 2015
The Body Keeps the Score,Bessel van der Kolk,Paperback,24 Sep 2015
"Thinking, Fast and Slow",Daniel Kahneman,Paperback,15 May 2012
Roald Dahl's Marvellous Joke Book,Roald Dahl,Paperback,06 Sep 2012
Why We Sleep,Matthew Walker,Paperback,27 Jul 2018
Call Down the Hawk,Maggie Stiefvater,Paperback,12 Nov 2019
"Olive, Again",Elizabeth Strout,Hardback,31 Oct 2019
Guinness World Records 2020,,Hardback,05 Sep 2019
Cilka's Journey,Heather Morris,Hardback,01 Oct 2019
12 Rules for Life,Jordan B. Peterson,Paperback,30 Aug 2019
Dog Man 1-6 HB Boxed Set,Dav Pilkey,Hardback,01 Oct 2019
The 117-Storey Treehouse,Andy Griffiths,Paperback,22 Aug 2019
Diary of a Wimpy Kid: Wrecking Ball (Book 14),Jeff Kinney,Hardback,05 Nov 2019
Giraffes Can't Dance,Giles Andreae,Paperback,01 May 2014
Mindset - Updated Edition,Carol Dweck,Paperback,11 Apr 2017
To Kill A Mockingbird,Harper Lee,Paperback,17 Jun 2015
The Starless Sea,Erin Morgenstern,Hardback,05 Nov 2019
Dear Santa,Rod Campbell,Board book,11 Oct 2012
1984,George Orwell,Paperback,01 Oct 2008
Eleanor Oliphant is Completely Fine,Gail Honeyman,Paperback,05 Apr 2018
Man's Search For Meaning,Viktor E. Frankl,Paperback,01 Jan 2019
Milk and Honey,Rupi Kaur,Paperback,22 Sep 2017
The Very Hungry Caterpillar,Eric Carle,Board book,20 Feb 2019
Dark Emu,Bruce Pascoe,Paperback,10 May 2018
What I Know for Sure,Oprah Winfrey,Hardback,09 Nov 2015
The Handmaid's Tale,Margaret Atwood,Paperback,17 Apr 2018
Good Night Stories for Rebel Girls,Elena Favilli,Hardback,02 Mar 2017
Olive Kitteridge,Elizabeth Strout,Paperback,13 Oct 2016
Look Inside Things That Go,Rob Lloyd Jones,Hardback,01 Nov 2013
Harry Potter Box Set: The Complete Collection Children's Paperback,J. K. Rowling,Paperback,15 Nov 2014
La Belle Sauvage: The Book of Dust Volume One,Philip Pullman,Paperback,06 Sep 2018
Gangsta Granny,David Walliams,Paperback,28 Feb 2013
Dare to Lead,Brene Brown,Paperback,17 Dec 2018
Becoming,Michelle Obama,Hardback,07 Dec 2018
Rick Stein's Secret France,Rick Stein,Hardback,31 Oct 2019
Beano Annual 2020,,Hardback,08 Jul 2019
How to Win Friends and Influence People,Dale Carnegie,Paperback,17 May 2011
The Very Hungry Caterpillar: Little Learning Library,Eric Carle,Board book,10 Jan 2011
Harry Potter and the Philosopher's Stone,J. K. Rowling,Hardback,06 Oct 2015
Amazing World Atlas,Lonely Planet Kids,Hardback,14 Oct 2014
Mrs Hinch: The Activity Journal,Mrs Hinch,Hardback,17 Oct 2019
The Man Who Solved the Market,Gregory Zuckerman,Hardback,07 Nov 2019
"Girl, Woman, Other",Bernardine Evaristo,Hardback,16 Jul 2019
The 13-Storey Treehouse,Andy Griffiths,Paperback,23 Mar 2015
Mythos,Stephen Fry,Paperback,26 Jul 2018
The Infinite Game,Simon Sinek,Hardback,17 Oct 2019
21 Lessons for the 21st Century,Yuval Noah Harari,Paperback,05 Sep 2019
5 Ingredients - Quick & Easy Food,Jamie Oliver,Hardback,05 Sep 2017
The Crayons' Christmas,Drew Daywalt,Hardback,17 Oct 2019
Friend Request,Laura Marshall,Paperback,11 Jan 2018
Do Androids Dream Of Electric Sheep?,Philip K. Dick,Paperback,20 Nov 2017
The Secret Commonwealth: The Book of Dust Volume Two,Philip Pullman,Hardback,03 Oct 2019
The Infernal Devices 1: Clockwork Angel,Cassandra Clare,Hardback,01 Nov 2019
Fleabag: The Scriptures,Phoebe Waller-Bridge,Hardback,12 Nov 2019
The Guardians,John Grisham,Hardback,17 Oct 2019
The Tiger Who Came to Tea,Judith Kerr,Paperback,06 Feb 2006
Daring Greatly,Brene Brown,Paperback,03 Dec 2015
Tom Gates: Spectacular School Trip (Really.),Liz Pichon,Hardback,11 Oct 2019
Earthsea,Ursula K. Le Guin,Paperback,16 Feb 2012
The Dinosaur's Diary,Julia Donaldson,Paperback,28 Mar 2002
The Starless Sea,Erin Morgenstern,Paperback,05 Nov 2019
Homo Deus,Yuval Noah Harari,Paperback,22 Jun 2017
Behind the Mask,Tyson Fury,Hardback,14 Nov 2019
I Want My Hat Back,Jon Klassen,Paperback,04 Oct 2012
Rich Dad Poor Dad,Robert T. Kiyosaki,Paperback,28 Apr 2017
Meditations,Marcus Aurelius,Paperback,16 Nov 2012
The Man Who Mistook His Wife for a Hat,Oliver Sacks,Paperback,02 Sep 2011
No One Is Too Small to Make a Difference,Greta Thunberg,Paperback,30 May 2019
Bad Blood,John Carreyrou,Paperback,11 Jul 2019
Brief Answers to the Big Questions,Stephen Hawking,Hardback,30 Oct 2018
Find Me,Andre Aciman,Hardback,29 Oct 2019
The Elements of Eloquence,Mark Forsyth,Paperback,03 Apr 2018
The Handmaid's Tale,Margaret Atwood,Paperback,29 Jun 2011
Press Here,Herve Tullet,Hardback,01 Apr 2011
The Subtle Art of Not Giving a F*ck,Mark Manson,Hardback,15 May 2018
Wonder,R. J. Palacio,Paperback,23 Jan 2013
Dr. Seuss's ABC,Dr. Seuss,Board book,26 Nov 1996
Look Inside Space,Rob Lloyd Jones,Hardback,29 Nov 2012
Home Work,Julie Andrews,Hardback,15 Oct 2019
Shoe Dog,Phil Knight,Paperback,03 May 2018
52 Things to Do While You Poo,Hugh Jassburn,Hardback,15 Dec 2014
Animal Farm,George Orwell,Paperback,01 Oct 2008
Kitty Flanagan's 488 Rules for Life,Kitty Flanagan,Paperback,15 Oct 2019
Five Love Languages Revised Edition,Gary Chapman,Paperback,12 Feb 2015
Circe,Madeline Miller,Paperback,24 Apr 2019
The Art of War,Sun Tzu,Paperback,18 Oct 2011
Dinosaurs Love Underpants,Claire Freedman,Paperback,05 Jun 2008
The Overstory,Richard Powers,Paperback,01 Jul 2019
Harry Potter and the Philosopher's Stone,J. K. Rowling,Paperback,16 Oct 2014
Stick Man,Julia Donaldson,Paperback,26 Nov 2016
Create This Book,Moriah Elizabeth,Paperback,17 May 2015
"Oh, The Places You'll Go!",Dr. Seuss,Paperback,03 Mar 2011
The Daily Stoic,Ryan Holiday,Paperback,27 Oct 2016
Viz Annual 2020: The Trumpeter's Lips,,Hardback,05 Sep 2019
A Man Called Ove,Fredrik Backman,Paperback,02 Mar 2016
The Toll,Neal Shusterman,Paperback,05 Nov 2019
The Girl Who Never Made Mistakes,Mark Pett,Hardback,04 Nov 2011
Can't Hurt Me,David Goggins,Paperback,11 Oct 2018
The Snail and the Whale,Julia Donaldson,Paperback,04 Jun 2006
The Choice,Edith Eger,Paperback,01 Feb 2019
The Day the Crayons Quit,Drew Daywalt,Paperback,27 Jul 2016
The Little Prince,Antoine de Saint-Exupery,Paperback,01 Jan 1998
How to Talk so Kids Will Listen and Listen so Kids Will Talk,Adele Faber,Paperback,05 Dec 2012
Christmas Shopaholic,Sophie Kinsella,Paperback,31 Oct 2019
Permanent Record,Edward Snowden,Hardback,17 Sep 2019
Principles,Ray Dalio,Hardback,06 Nov 2017
The Spy and the Traitor,Ben Macintyre,Paperback,26 Jul 2019
Fantastically Great Women Who Changed The World,Kate Pankhurst,Paperback,08 Sep 2016
The Christmas Eve Tree,Delia Huddy,Hardback,02 Nov 2017
What If?,Randall Munroe,Paperback,12 Oct 2015
LEGO Gadgets,Editors of Klutz,Mixed media product,02 Aug 2018
Bluey,Bluey,Board book,05 Nov 2019
Girl Stuff 8-12,Kaz Cooke,Paperback,03 Oct 2016
THE BEAST OF BUCKINGHAM PALACE,David Walliams,Hardback,21 Nov 2019
The Gruffalo and Other Stories 8 CD Box Set,Julia Donaldson,CD-Audio,16 Jun 2016
The Travelling Cat Chronicles,Hiro Arikawa,Paperback,30 Jan 2018
Room on the Broom,Julia Donaldson,Paperback,25 Aug 2003
Lift-The-Flap Very First Questions & Answers,Katie Daynes,Board book,17 Nov 2016
The Highway Rat,Julia Donaldson,Paperback,01 Aug 2017
Where's Spot?,Eric Hill,Board book,21 Jun 2011
The Jolly Postman or Other People's Letters,Allan Ahlberg,Hardback,20 Jun 2011
Moonology Diary 2020,Yasmin Boland,Paperback,30 Jul 2019
What to Do When You Worry Too Much,Dawn Huebner,Paperback,31 Oct 2005
The Montessori Toddler,Simone Davies,Paperback,12 Apr 2019
Self-Help for Your Nerves,Claire Weekes,Paperback,08 May 1995
The Happiness Trap,Russ Harris,Paperback,26 Jun 2008
Create This Book 2,Moriah Elizabeth,Paperback,02 Aug 2018
Dungeons & Dragons Player's Handbook (Dungeons & Dragons Core Rulebooks),Wizards of the Coast,Hardback,29 Aug 2014
How Proust Can Change Your Life,Alain de Botton,Paperback,09 Apr 1998
The Sailor who Fell from Grace with the Sea,Yukio Mishima,Paperback,29 Jun 2011
Peppa Pig: Little Library,Peppa Pig,Board book,20 Jun 2011
Goodnight Stories for Rebel Girls 2,Elena Favilli,Hardback,28 Feb 2018
Beautiful Oops!,Barney Saltzberg,Board book,23 Sep 2010
The Last Wish,Andrzej Sapkowski,Paperback,14 Feb 2008
The Gruffalo,Julia Donaldson,Paperback,02 Mar 2006
Stillness is the Key,Ryan Holiday,Hardback,10 Oct 2019
The Alchemist,Paulo Coelho,Paperback,15 Apr 2014
Goodnight Moon,Margaret Wise Brown,Board book,08 Jul 2011
Slinky Malinki's Christmas Crackers,Lynley Dodd,Paperback,06 Aug 2009
The Intelligent Investor,Benjamin Graham,Paperback,23 Oct 2003
Face It,Debbie Harry,Hardback,01 Oct 2019
Man's Search For Meaning,Viktor E. Frankl,Paperback,06 May 2004
"Rosie Revere, Engineer",Andrea Beaty,Hardback,03 Sep 2013
Before We Were Yours,Lisa Wingate,Paperback,12 Jul 2018
Snow Falling,Jane Gloriana Villanueva,Paperback,16 Nov 2017
Watchmen,Alan Moore,Paperback,24 May 2016
Ninth House,Leigh Bardugo,Hardback,08 Oct 2019
Billion Dollar Whale,Tom Wright,Paperback,12 Sep 2019
A Squash and a Squeeze,Julia Donaldson,Paperback,23 Sep 2016
Press Here,Herve Tullet,Hardback,12 Apr 2019
The 26-Storey Treehouse,Andy Griffiths,Paperback,07 May 2015
Where Is the Green Sheep?,Judy Horacek,Board book,16 Mar 2009
Horrible Geography 10 Book Boxset,Anita Ganeri,Paperback,02 Feb 2012
Aristotle and Dante Discover the Secrets of the Universe,Benjamin Alire Saenz,Paperback,24 Mar 2015
Born A Crime,Trevor Noah,Paperback,21 Sep 2017
Where the Crawdads Sing,Delia Owens,Hardback,22 Jan 2019
Peep Inside Animal Homes,Anna Milbourne,Board book,05 Mar 2014
Little Witch's Big Night,Deborah Hautzig,Paperback,12 Oct 1984
The Book With No Pictures,B. J. Novak,Paperback,04 Feb 2016
Blue Moon,Lee Child,Hardback,29 Oct 2019
Down and Out in Paris and London,George Orwell,Paperback,03 Sep 2013
Fingerprint Activities,Fiona Watt,Spiral bound,01 Mar 2016
The Book of Gutsy Women,Hillary Rodham Clinton,Hardback,01 Oct 2019
Where's Wally?,Martin Handford,Paperback,22 Jul 2011
Storm in a Teacup,Helen Czerski,Paperback,01 Jun 2017
Harry Potter and the Chamber of Secrets,J. K. Rowling,Hardback,13 Oct 2016
How To,Randall Munroe,Hardback,03 Sep 2019
Where The Wild Things Are,Maurice Sendak,Paperback,11 May 2001
Pachinko,Min Jin Lee,Paperback,30 May 2018
Fahrenheit 451,Ray Bradbury,Paperback,23 May 2012
Where's the Unicorn?,Sophie Schrey,Paperback,19 Oct 2017
How to Grow Old,John Bishop,Hardback,01 Jan 2020
The Giver,Lois Lowry,Paperback,16 Dec 2016
Bad Guys Even Badder Box (Episodes 1-7),Aaron Blabey,Paperback,01 Nov 2019
How Not To Die,Michael Greger,Paperback,28 Dec 2017
Factfulness,Hans Rosling,Paperback,26 Mar 2019
How to Change Your Mind,Michael Pollan,Paperback,18 Jul 2019
The Untethered Soul,Michael A. Singer,Paperback,07 Nov 2007
Monkey Puzzle,Julia Donaldson,Paperback,13 Sep 2016
The Invisible String,Patrice Karst,Paperback,30 Oct 2018
A New Earth,Eckhart Tolle,Paperback,01 Mar 2009
How the Grinch Stole Christmas!,Dr. Seuss,Paperback,11 Dec 2010
The Seven Principles For Making Marriage Work,John Gottman,Paperback,22 Mar 2018
Call Me By Your Name,Andre Aciman,Paperback,03 Apr 2018
Sophie's World,Jostein Gaarder,Paperback,08 Oct 2015
Over the Top,JONATHAN VAN NESS,Paperback,24 Sep 2019
Zog and the Flying Doctors,Julia Donaldson,Paperback,07 Sep 2017
The LEGO (R) Ideas Book,DK,Hardback,28 Sep 2011
When the Body Says No,Dr Gabor Mate,Paperback,03 Jan 2019
Dishoom,Shamil Thakrar,Hardback,31 Dec 2019
The Definitive Book of Body Language,Allan Pease,Paperback,11 May 2017
Ten Little Fingers and Ten Little Toes,Mem Fox,Board book,07 Feb 2011
"Uzumaki (3-in-1, Deluxe Edition)",Junji Ito,Hardback,21 Nov 2013
The Usborne Little Children's Activity Book,,Paperback,18 Nov 2014
The Modern Break-Up,Daniel Chidiac,Paperback,16 Jul 2019
Harry Potter and the Cursed Child - Parts One and Two,J. K. Rowling,Paperback,25 Jul 2017
The Handmaid's Tale,Margaret Atwood,Paperback,01 Apr 1998
"Brown Bear, Brown Bear, What Do You See?",Eric Carle,Board book,02 Jan 1997
The Book of the Year 2019,No Such Thing As A Fish,Hardback,01 Feb 2020
The Weekend,Charlotte Wood,Paperback,15 Oct 2019
"Gifts Of Imperfection, The:",Brene Brown,Paperback,04 Oct 2010
The Seven Husbands of Evelyn Hugo,TAYLOR JENKINS REID,Paperback,31 May 2018
Legacy,James Kerr,Paperback,17 Dec 2013
His Dark Materials,Philip Pullman,Paperback,23 Sep 2003
Everything I Know About Love,Dolly Alderton,Paperback,07 Feb 2019
Everything is Figureoutable,Marie Forleo,Paperback,12 Sep 2019
The Paper Dolls,Julia Donaldson,Paperback,06 Jun 2013
Little Kids First Big Book of Space,Catherine D. Hughes,Hardback,01 Nov 2012
The Wheels On The Bus,BBC,CD-Audio,19 Apr 2011
Ikigai,Hector Garcia,Hardback,15 May 2018
Your Own Kind of Girl,Clare Bowditch,Paperback,28 Oct 2019
The World's Worst Teachers,David Walliams,Hardback,27 Jun 2019
How To Talk So Little Kids Will Listen,Joanna Faber,Paperback,26 Jan 2017
Do the Birds Still Sing in Hell?,Horace Greasley,Paperback,31 Oct 2019
The Madness of Crowds,Douglas Murray,Hardback,17 Sep 2019
Harry Potter and the Prisoner of Azkaban,J. K. Rowling,Hardback,02 Nov 2017
A Little Life,Hanya Yanagihara,Paperback,10 Mar 2016
Peppa Pig: Practise with Peppa: Wipe-Clean First Letters,Peppa Pig,Paperback,15 Oct 2015
Revolting Rhymes,Roald Dahl,Paperback,18 Jul 2011
"Will You Please Be Quiet, Please?",Raymond Carver,Paperback,12 Jul 2018
Lego: Crazy Action Contraptions,Doug Stillinger,Mixed media product,01 Jan 2010
Crooked Kingdom: Collector's Edition,Leigh Bardugo,Hardback,05 Sep 2019
The Sun and Her Flowers,Rupi Kaur,Paperback,18 Oct 2017
East,Meera Sodha,Hardback,22 Aug 2019
Hinch Yourself Happy,Mrs Hinch,Hardback,04 Apr 2019
Peppa Pig: Peppa's Christmas Fun Sticker Activity Book,Peppa Pig,Paperback,16 Oct 2015
What We Talk About When We Talk About Love,Raymond Carver,Paperback,01 Feb 2010
Greenfeast,Nigel Slater,Hardback,03 Oct 2019
Stuck,Oliver Jeffers,Paperback,01 May 2012
The Laws of Human Nature,Robert Greene,Paperback,24 Oct 2018
The 39-Storey Treehouse,Andy Griffiths,Paperback,30 Jul 2015
Oi Puppies!,Kes Gray,Hardback,03 Oct 2019
influence,Robert B. Cialdini,Paperback,06 Jul 2011
Harry Potter Colouring Book,,Paperback,15 Dec 2015
Work Your Light Oracle Cards,Rebecca Campbell,Cards,05 Jun 2018
Rainbow Fish,Marcus Pfister,Paperback,01 Jul 2012
The Smartest Giant in Town,Julia Donaldson,Paperback,12 Sep 2016
Sword of Destiny,Andrzej Sapkowski,Paperback,10 Mar 2016
The 65-Storey Treehouse,Andy Griffiths,Paperback,02 Jun 2016
Leaders Eat Last,Simon Sinek,Paperback,14 May 2018
The Whole-Brain Child,Daniel J Siegel,Paperback,11 Sep 2012
A Really Short History of Nearly Everything,Bill Bryson,Paperback,02 Sep 2010
Roald Dahl: Whizzpopping Joke Book,Roald Dahl,Paperback,02 Jun 2016
The Talented Mr Ripley,Patricia Highsmith,Paperback,01 Sep 1999
The Hobbit and the Lord of the Rings,J. R. R. Tolkien,Paperback,21 Oct 2014
How to Draw Almost Everything,Chika Miyata,Paperback,19 Jan 2017
Percy Jackson and the Lightning Thief (Book 1),Rick Riordan,Paperback,04 Jul 2013
The Cruel Prince (The Folk of the Air),Holly Black,Paperback,26 Jul 2018
Diary of a Wimpy Kid: Do-It-Yourself Book,Jeff Kinney,Paperback,09 Jun 2011
My Grammar and I (Or Should That Be 'Me'?),Caroline Taggart,Paperback,01 Dec 2011
Antoni in the Kitchen,Antoni Porowski,Hardback,19 Sep 2019
There Was an Old Lady Who Swallowed a Fly,,Board book,01 Dec 2000
The Man in the Red Coat,Julian Barnes,Hardback,07 Nov 2019
The Shining,Stephen King,Paperback,26 Jun 2012
Morning Glory on the Vine,Joni Mitchell,Hardback,22 Oct 2019
Becoming Supernatural,Dr Joe Dispenza,Paperback,05 Mar 2019
The Obstacle is the Way,Ryan Holiday,Paperback,27 May 2015
Pinch of Nom,Kay Featherstone,Hardback,11 Jul 2019
Dork Diaries: Spectacular Superstar,Rachel Renee Russell,Paperback,22 Oct 2019
On Writing,Stephen King,Paperback,11 Oct 2012
Here We Are,Oliver Jeffers,Hardback,04 Dec 2017
Billionaire Boy,David Walliams,Paperback,09 Jun 2011
The Wife and the Widow,Christian White,Paperback,24 Sep 2019
The Story Orchestra: The Nutcracker,,Hardback,05 Oct 2017
World Mythology in Bite-sized Chunks,Mark Daniels,Paperback,28 Sep 2016
The Age of Surveillance Capitalism,Shoshana Zuboff,Paperback,05 Sep 2019
The Most Magnificent Thing,Ashley Spires,Hardback,31 Oct 2017
Little Fires Everywhere,Celeste Ng,Paperback,22 May 2018
The Hidden Life of Trees,Peter Wohlleben,Paperback,01 Feb 2018
Conversations with Friends,Sally Rooney,Paperback,01 Mar 2018
The Gruffalo's Child,Julia Donaldson,Paperback,01 Mar 2007
The Secret,Rhonda Byrne,Hardback,04 Dec 2006
The Beautiful Ones,Prince,Hardback,29 Oct 2019
Percy Jackson & the Olympians,Rick Riordan,Paperback,03 Jun 2014
Agatha Raisin: Dishing the Dirt,M. C. Beaton,Paperback,07 Apr 2016
Like a House on Fire,Cate Kennedy,Paperback,01 Jul 2013
The Smeds and the Smoos,Julia Donaldson,Hardback,05 Sep 2019
Superworm,Julia Donaldson,Paperback,07 Jul 2016
Hope And Help For Your Nerves,Dr Claire Weekes,Paperback,01 Aug 1991
The Huge Bag of Worries,Virginia Ironside,Paperback,06 Jan 2011
Look Inside Our World,Emily Bone,Hardback,18 Nov 2014
Harry Potter and the Half-Blood Prince,J. K. Rowling,Paperback,16 Oct 2014
I'm a Big Sister,Joanna Cole,Hardback,01 Apr 2010
Lego Chain Reactions,Pat Murphy,Mixed media product,15 Feb 2015
"Moleskine 2020 Weekly Planner, 12m, Large, Ripe Yellow, Hard Cover (5 X 8.25)",Moleskine,Calendar,14 Jun 2019
Peppa's Christmas Wish (Peppa Pig),Scholastic,Paperback,27 Aug 2013
Don't Let the Pigeon Drive the Bus!,Mo Willems,Paperback,22 Jul 2011
When Breath Becomes Air,Paul Kalanithi,Paperback,05 Jan 2017
The Guest Cat,Takashi Hiraide,Paperback,13 Mar 2015
The Universe Has Your Back,Gabrielle Bernstein,Cards,05 Sep 2017
Ego is the Enemy,Ryan Holiday,Paperback,24 Aug 2017
Little Children's Christmas Activity Book,James Maclaine,Paperback,22 Dec 2016
The Boy in the Striped Pyjamas,John Boyne,Paperback,27 Jul 2018
The Salt Path,Raynor Winn,Paperback,31 Jan 2019
Milkman,Anna Burns,Paperback,01 Nov 2018
The Land of Stories: The Wishing Spell,Chris Colfer,Paperback,06 Jun 2013
Deep Work,Cal Newport,Paperback,05 Jan 2016
Flow,Mihaly Csikszentmihalyi,Paperback,08 Jul 2011
"Demon Slayer: Kimetsu no Yaiba, Vol. 1",Koyoharu Gotouge,Paperback,26 Jul 2018
The Noma Guide to Fermentation (Foundations of Flavor),René Redzepi,Hardback,16 Oct 2018
Fox's Socks,Julia Donaldson,Board book,23 Mar 2015
The School of Life,The School of Life,Hardback,05 Sep 2019
Matilda,Roald Dahl,Paperback,11 Feb 2016
How to Win Friends and Influence People,Dale Carnegie,Paperback,17 Aug 2010
The Famous Five Collection 1,Enid Blyton,Paperback,06 Sep 2012
The Four Agreements,Don Miguel Ruiz,Paperback,10 Dec 1997
The Secret Seven Collection 1,Enid Blyton,Paperback,06 Sep 2012
Never Split the Difference,Chris Voss,Paperback,23 Mar 2017
The Dandy Annual 2020,,Hardback,08 Jul 2019
Pasta Grannies: The Official Cookbook,Vicky Bennison,Hardback,29 Oct 2019
The Happiest Refugee,Anh Do,Paperback,01 Sep 2010
Legacy,Shannon Messenger,Hardback,05 Nov 2019
I NEED A NEW BUM!,Dawn McMillan,Paperback,20 Dec 2018
Heroes,Stephen Fry,Paperback,16 Jul 2019
LEGO Make Your Own Movie,Pat Murphy,Mixed media product,01 Sep 2017
Harry Potter and the Order of the Phoenix,J. K. Rowling,Paperback,16 Oct 2014
The Pokemon Sword & Pokemon Shield,,Paperback,22 Nov 2019
"Big Sister, Little Sister, Red Sister",Jung Chang,Paperback,31 Oct 2019
Quiet,Susan Cain,Paperback,03 Jan 2013
Moonology Oracle Cards,Yasmin Boland,Cards,02 Oct 2018
Pillow Thoughts,Courtney Peppernell,Paperback,05 Oct 2017
Being Mortal,Atul Gawande,Paperback,01 Jul 2015
7 Habits Of Highly Effective People,Stephen R. Covey,Paperback,26 Sep 2012
Angel Answers Oracle Cards,Radleigh Valentine,Cards,19 Nov 2019
The Little Book of Common Sense Investing,John C. Bogle,Hardback,07 Dec 2017
The Adventures of a Curious Cat,Curious Zelda,Hardback,29 Oct 2019
A Brief History of the Vikings,Jonathan Clements,Paperback,15 Sep 2005
On Earth We're Briefly Gorgeous,Ocean Vuong,Hardback,15 Jul 2019
Politics and the English Language,George Orwell,Paperback,09 Apr 2013
Maths Games for Clever Kids,Gareth Moore,Paperback,08 Mar 2018
Damascus,Christos Tsiolkas,Paperback,28 Oct 2019
Before the Coffee Gets Cold,Toshikazu Kawaguchi,Paperback,07 Nov 2019
Year of the Monkey,Patti Smith,Hardback,24 Sep 2019
You Are a Badass,Jen Sincero,Paperback,13 Oct 2016
The One Thing,Gary Keller,Paperback,25 Apr 2014
Heartstopper Volume One,ALICE OSEMAN,Paperback,07 Feb 2019
Tabby McTat,Julia Donaldson,Paperback,13 Dec 2016
The Travel Book,Lonely Planet Kids,Hardback,01 Oct 2015
Testing Business Ideas,David J. Bland,Paperback,12 Nov 2019
Match Annual 2020,Match,Hardback,01 Jan 2020
Spot Goes To The Farm,Eric Hill,Board book,27 Jun 2011
The Name of the Wind,Patrick Rothfuss,Paperback,30 Jun 2008
Prisoners of Geography,Tim Marshall,Paperback,02 Jun 2016
Dear Girls,Ali Wong,Paperback,15 Oct 2019
Roar,Stacy Sims,Paperback,05 Jul 2016
The Snail and the Whale Festive Edition,Julia Donaldson,Paperback,03 Oct 2019
The 52-Storey Treehouse,Andy Griffiths,Paperback,10 Oct 2016
The Miniaturist,Jessie Burton,Paperback,01 Jan 2015
Peppa Pig: Marvellous Magnet Book,Peppa Pig,Hardback,07 Oct 2015
Harry Potter and the Prisoner of Azkaban,J. K. Rowling,Paperback,16 Oct 2014
The Wonky Donkey,Craig Smith,Paperback,01 Nov 2018
One Of Us Is Lying,Karen McManus,Paperback,01 Jun 2017
The Butterfly Lion,Michael Morpurgo,Paperback,01 Mar 2012
The Lost Causes of Bleak Creek,Rhett McLaughlin,Hardback,29 Oct 2019
Mere Christianity,C. S. Lewis,Paperback,12 Apr 2012
Guinness World Records Gamer's Edition 2020,Guinness World Records,Paperback,05 Sep 2019
The Kids' Book of Crosswords 1,Gareth Moore,Paperback,01 Jan 2017
Six of Crows: Collector's Edition,Leigh Bardugo,Hardback,11 Oct 2018
The Raven Boys,Maggie Stiefvater,Paperback,21 Sep 2012
"Sofia Valdez, Future Prez",Andrea Beaty,Hardback,05 Nov 2019
The Things You Can See Only When You Slow Down,Haemin Sunim,Paperback,08 Feb 2018
Once,Morris Gleitzman,Paperback,23 Feb 2006
Becoming,Michelle Obama,Paperback,13 Nov 2018
Lonely Planet Japan,Lonely Planet,Paperback,02 Oct 2019
Factfulness,Hans Rosling,Hardback,05 Apr 2018
The Silent Patient,Alex Michaelides,Hardback,07 Feb 2019
The Anarchy,William Dalrymple,Hardback,10 Sep 2019
The Little Book of Mindfulness,Dr. Patrizia Collard,Paperback,27 May 2014
Time of Contempt,Andrzej Sapkowski,Paperback,23 Jan 2014
Coco Chanel,María Isabel Sánchez Vegara,Hardback,06 Jul 2016
The Book You Wish Your Parents Had Read (and Your Children Will Be Glad That You Did),Philippa Perry,Hardback,07 Mar 2019
The Christmasaurus,Tom Fletcher,Paperback,02 Nov 2017
The Hobbit Sketchbook & The Lord of the Rings Sketchbook,Alan Lee,Mixed media product,28 Nov 2019
Grandpa's Great Escape,David Walliams,Paperback,20 Nov 2018
Wordsearches for Clever Kids,Gareth Moore,Paperback,12 Feb 2015
Harry Potter and the Chamber of Secrets,J. K. Rowling,Paperback,16 Oct 2014
Stories for Boys Who Dare to be Different,Ben Brooks,Hardback,19 Apr 2018
The Great Escape: Wolf Girl 2,Anh Do,Paperback,03 Dec 2019
Once there was a boy...,Oliver Jeffers,Hardback,25 Sep 2014
Pop-Up 'Twas The Night Before Christmas,Susanna Davidson,Board book,04 Oct 2018
Little Kids First Big Book of Why,Amy Shields,Hardback,01 Jun 2011
Norse Mythology,Neil Gaiman,Paperback,14 Sep 2018
How to Draw Anything,Mark Linley,Paperback,25 Feb 2010
How to Draw Pokemon,Tracey West,Paperback,01 Jun 2003
The Stinky Giant,Ellen Weiss,Paperback,24 Apr 2012
One Day in December,Josie Silver,Paperback,09 Oct 2018
The Wonders of Nature,Ben Hoare,Hardback,05 Sep 2019
488 Rules for Life,Kitty Flanagan,Paperback,28 Nov 2019
Fahrenheit 451,Ray Bradbury,Paperback,07 Feb 2019
What the Heck Is EOS?,Gino Wickman,Hardback,05 Sep 2017
The Diary of a Bookseller,Shaun Bythell,Paperback,13 Sep 2018
Medical Medium Celery Juice,Anthony William,Hardback,21 May 2019
How to Draw Inky Wonderlands,Johanna Basford,Paperback,17 Oct 2019
Oi Frog!,Kes Gray,Paperback,05 Feb 2015
On the Night You Were Born,Nancy Tillman,Board book,23 Jul 2013
In My Heart,Jo Witek,Hardback,14 Oct 2014
Roald Dahl Collection,Roald Dahl,Paperback,01 Jan 2018
The World's Worst Children,David Walliams,Paperback,22 Sep 2016
Crime and Punishment,Fyodor Dostoyevsky,Paperback,05 May 2000
Wreck This Journal,Keri Smith,Paperback,20 Nov 2014
Knife,Jo Nesbo,Paperback,11 Jul 2019
Seven Worlds One Planet,Jonny Keeling,Hardback,01 Jan 2020
The Artist's Way,Julia Cameron,Paperback,21 Nov 2016
"Acid For The Children - The autobiography of Flea, the Red Hot Chili Peppers legend",Flea,Hardback,05 Nov 2019
Medical Medium Liver Rescue,Anthony William,Hardback,01 Nov 2018
Harry Potter: The Marauder's Map Guide to Hogwarts,Jenna Ballard,Hardback,01 Jul 2018
Year One,Nora Roberts,Paperback,11 Oct 2018
10 Minutes 38 Seconds in this Strange World,Elif Shafak,Hardback,06 Jun 2019
Who Moved My Cheese,Spencer Johnson,Paperback,25 Sep 2018
Coraline,Neil Gaiman,Paperback,10 Oct 2013
"Demon Slayer: Kimetsu no Yaiba, Vol. 2",Koyoharu Gotouge,Paperback,20 Sep 2018
Modern Witch Tarot,Lisa Sterle,Cards,19 Nov 2019
Mindhunter,John Douglas,Paperback,30 Jan 2018
You Are Awesome,Matthew Syed,Paperback,20 Aug 2018
Babys Very First Black & White Little Library,Stella Baggott,Hardback,01 Dec 2011
The Tales of Beedle the Bard,J. K. Rowling,Hardback,02 Dec 2008
Catch and Kill,Ronan Farrow,Hardback,15 Oct 2019
The Uninhabitable Earth,David Wallace-wells,Paperback,16 Sep 2019
The 4-Hour Work Week,Timothy Ferriss,Paperback,14 Jun 2013
The One and Only Ivan,Katherine Applegate,Paperback,01 Oct 2017
You'll Never See Daylight Again,Michaella McCollum,Paperback,31 Oct 2019
We Should All Be Feminists,Chimamanda Ngozi Adichie,Paperback,13 Mar 2015
The Seven Sisters,Lucinda Riley,Paperback,01 Nov 2018
Gotta Get Theroux This,Louis Theroux,Hardback,19 Sep 2019
The Green Witch,Arin Murphy-Hiscock,Hardback,19 Oct 2017
"Ada Twist, Scientist",Andrea Beaty,Hardback,06 Sep 2016
Alice's Adventures in Wonderland: Pop-Up Book,Robert Sabuda,Hardback,03 Nov 2003
League of Legends: Realms of Runeterra (Official Companion),Games Riot,Hardback,12 Dec 2019
"The Witcher Boxed Set: Blood of Elves, the Time of Contempt, Baptism of Fire",Andrzej Sapkowski,Paperback,03 Oct 2017
Guess How Much I Love You,Sam McBratney,Hardback,01 Nov 2012
Peepo! (Board Book),Allan Ahlberg,Board book,17 Jun 2011
Plenty,Yotam Ottolenghi,Hardback,01 May 2010
The Woman Who Cracked the Anxiety Code,Judith Hoare,Paperback,11 Sep 2019
The Girl Who Drank the Moon,Kelly Barnhill,Paperback,24 Aug 2017
The Broons Annual 2020,,Paperback,08 Jul 2019
The Fast 800 Recipe Book,Dr Clare Bailey,Paperback,13 Jun 2019
The Fast 800,Michael Mosley,Paperback,02 Jan 2019
The Nightingale,Kristin Hannah,Paperback,27 Jul 2015
The Kids' Book of Wordsearches 1,Gareth Moore,Paperback,01 Nov 2011
The War for Kindness,Jamil Zaki,Paperback,06 Jun 2019
False Knees,Joshua Barkman,Paperback,14 Nov 2019
I Can Do It (R) 2020 Calendar,Louise Hay,Calendar,30 Jul 2019
Dungeon Master's Guide (Dungeons & Dragons Core Rulebooks),Wizards of the Coast,Hardback,06 Jul 2016
Love You Forever,Robert Munsch,Paperback,01 Sep 1995
Monster Manual: A Dungeons & Dragons Core Rulebook,Wizards of the Coast,Hardback,05 Apr 2016
A Brief History Of Time,Stephen Hawking,Paperback,05 Feb 2015
Lethal White,Robert Galbraith,Paperback,08 Nov 2019
The Prince,Niccolo Machiavelli,Paperback,21 Sep 1992
The Outsiders,S. E. Hinton,Paperback,04 Aug 2016
Bad Dad,David Walliams,Paperback,08 Apr 2019
How to Catch a Star,Oliver Jeffers,Paperback,03 May 2005
"Good Vibes, Good Life",Vex King,Paperback,04 Dec 2018
"Salt, Fat, Acid, Heat",Samin Nosrat,Hardback,31 Aug 2017
The Courage To Be Disliked,Ichiro Kishimi,Paperback,23 Jul 2019
The Bad Guys Episode 10: The Baddest Day Ever,Aaron Blabey,Paperback,01 Oct 2019
When Breath Becomes Air,Paul Kalanithi,Paperback,03 Jan 2019
A Tale of Magic...,Chris Colfer,Hardback,01 Oct 2019
The 78-Storey Treehouse,Andy Griffiths,Paperback,12 Jan 2017
The 91-Storey Treehouse,Andy Griffiths,Paperback,24 Aug 2017
The Snail and the Whale,Julia Donaldson,Paperback,08 Sep 2016
Season of Storms,Andrzej Sapkowski,Paperback,25 Mar 2019
Inward,Yung Pueblo,Paperback,01 Nov 2018
The Seven Deaths of Evelyn Hardcastle,Stuart Turton,Paperback,04 Oct 2018
Stick Man Early Reader,Julia Donaldson,Paperback,06 Dec 2012
The Tales of Beedle the Bard,J. K. Rowling,Paperback,09 Feb 2017
Zero to One,Blake Masters,Paperback,04 Jun 2015
Thug Kitchen,Thug Kitchen,Hardback,10 Dec 2014
Home,Julie Andrews,Paperback,07 Apr 2009
Story of Christmas: Story Books & Advent Calendar,Mary Packard,Mixed media product,06 Nov 2008
Each Peach Pear Plum,Janet Ahlberg,Board book,01 Sep 1999
Baptism of Fire,Andrzej Sapkowski,Paperback,08 Jan 2015
Outliers,Malcolm Gladwell,Paperback,01 Jul 2009
Wham! George & Me,Andrew Ridgeley,Hardback,03 Oct 2019
Clean Code,Robert C. Martin,Paperback,01 Mar 2009
After,Morris Gleitzman,Paperback,01 Dec 2017
Paddington's Suitcase,Michael Bond,Paperback,02 Apr 2007
Mr Stink,David Walliams,Paperback,01 Jun 2010
Lunch at 10 Pomegranate Street: A Collection of Recipes to Share,Felicita Sala,Hardback,06 Aug 2019
A Brief History of the Celts,Peter Ellis,Paperback,13 Nov 2003
Demon Dentist,David Walliams,Paperback,25 May 2017
The Ride of a Lifetime,Robert Iger,Paperback,23 Sep 2019
"My Sister, the Serial Killer",Oyinkan Braithwaite,Paperback,03 Oct 2019
Surrounded by Idiots,Thomas Erikson,Paperback,30 Jul 2019
Hold on to Your Kids,Dr Gabor Mate,Paperback,03 Jan 2019
Bluey,Bluey,Board book,05 Nov 2019
Love Is Strong as Death,Paul Kelly,Hardback,19 Nov 2019
What It Takes,Stephen A. Schwarzman,Hardback,17 Sep 2019
Little World of Liz Climo 2020 Day-to-Day Calendar,Liz Climo,Calendar,18 Oct 2019
Why Men Don't Listen & Women Can't Read Maps,Allan Pease,Paperback,11 May 2017
Wacky Waving Inflatable Tube Guy,Running Press,Mixed media product,02 Oct 2018
Anne of Green Gables Complete 8 Book Box Set,Lucy Maud Montgomery,Paperback,06 Oct 1998
Women Who Run with Wolves,Clarissa Pinkola Estes,Paperback,01 Jan 1997
Agent Running in the Field,John Le Carré,Hardback,17 Oct 2019
Peppa Pig: Bedtime Little Library,Peppa Pig,Board book,01 Jan 2017
Matilda,Roald Dahl,Paperback,16 Aug 2007
Serpent & Dove,Shelby Mahurin,Hardback,03 Sep 2019
Everything Is F*cked,Mark Manson,Hardback,14 May 2019
The Midnight Gang,David Walliams,Paperback,28 Feb 2018
Awful Auntie,David Walliams,Paperback,04 May 2016
"Moleskine 2020 Petit Prince Daily Planner, 12m, Large, Planet, Hard Cover (5 X 8.25)",Moleskine,Calendar,14 Jun 2019
The War of Art,Steven Pressfield,Paperback,11 Jan 2012
Sand Talk: How Indigenous Thinking Can Save the World,Tyson Yunkaporta,Paperback,03 Sep 2019
From the Oven to the Table,Diana Henry,Hardback,16 Oct 2019
Times Tables Games for Clever Kids,Gareth Moore,Paperback,01 Sep 2019
A Poem for Every Night of the Year,Allie Esiri,Hardback,08 Sep 2016
Medical Medium,Anthony William,Paperback,10 Nov 2015
Thirteen,Steve Cavanagh,Paperback,14 Jun 2018
The Song of Achilles,Madeline Miller,Paperback,23 Apr 2012
Red Queen,Victoria Aveyard,Paperback,02 Jul 2015
"Iggy Peck, Architect",Andrea Beaty,Hardback,19 Oct 2007
Holes,Louis Sachar,Paperback,12 Aug 2015
Harry Potter and the Deathly Hallows,J. K. Rowling,Paperback,16 Oct 2014
The Original Rider Waite Tarot Deck,Arthur Edward Waite,Cards,10 Jun 1999
Peppa Pig: Practise with Peppa: Wipe-Clean Numbers,Peppa Pig,Paperback,07 Oct 2015
The Lean Startup,Eric Ries,Paperback,20 Oct 2011
Everything I Never Told You,Celeste Ng,Paperback,13 Nov 2014
Calypso,David Sedaris,Paperback,04 Jun 2019
Dear Zoo,Rod Campbell,Board book,02 Jul 2010
Diary of a Wimpy Kid: The Getaway (Book 12),Jeff Kinney,Hardback,01 Nov 2017
The Green Roasting Tin,Rukmini Iyer,Hardback,05 Jul 2018
Sweet,Yotam Ottolenghi,Hardback,07 Sep 2017
Off the Map,Alastair Bonnett,Paperback,02 Apr 2015
Braving the Wilderness,Brene Brown,Paperback,30 Jan 2018
Six of Crows,Leigh Bardugo,Paperback,02 Jun 2016
Little Kids First Big Book of Dinosaurs,Catherine D. Hughes,Hardback,11 Oct 2011
Toe by Toe,Keda Cowling,Paperback,01 Dec 1993
The Missing Ones: An absolutely gripping thriller with a jaw-dropping twist,Patricia Gibney,Paperback,26 Jul 2018
That's Not My Dinosaur,Fiona Watt,Board book,22 Feb 2002
Christmas Magic Painting Book,Fiona Watt,Paperback,13 Oct 2015
The Great Irish Science Book,Luke O'Neill,Hardback,01 Oct 2019
The Story Orchestra: Swan Lake,Katy Flint,Hardback,01 Oct 2019
Northern Lights,Philip Pullman,Paperback,02 Oct 2017
Metro 2033,Dmitry Glukhovsky,Paperback,30 May 2018
Lord of the Flies,William Golding,Paperback,20 Nov 2014
The Little Book of Hygge,Meik Wiking,Hardback,15 Sep 2016
Charlie and the Chocolate Factory,Roald Dahl,Paperback,11 Feb 2016
The Help,Kathryn Stockett,Paperback,10 Apr 2010
Island,Aldous Huxley,Paperback,01 Jul 2005
Trainspotting,Irvine Welsh,Paperback,01 Mar 2013
"My Hero Academia, Vol. 21",Kohei Horikoshi,Paperback,17 Oct 2019
Burn After Writing,Sharon Jones,Paperback,04 Aug 2015
My New Baby,,Board book,01 Feb 2010
The Dot,Peter H. Reynolds,Paperback,04 Oct 2004
The Dinky Donkey,Craig Smith,Hardback,01 Nov 2019
Wings of Fire #13: Poison Jungle,T  Tui Sutherland,Paperback,01 Oct 2019
Nothing Fancy,Alison Roman,Hardback,31 Oct 2019
The Secret Language of Your Body,Inna Segal,Paperback,02 Sep 2010
The Christmas Bear,Ian Whybrow,Board book,01 Oct 2016
Burning Chrome,William Gibson,Paperback,23 Feb 2017
Oi Cat!,Kes Gray,Paperback,26 Mar 2019
Out of My Mind,Sharon M. Draper,Paperback,28 Jan 2016
Jungle Sounds,Sam Taplin,Board book,03 Jan 2017
Peppa Pig: Fairy Tale Little Library,Peppa Pig,Board book,06 Oct 2015
Fantastic Beasts and Where to Find Them,J. K. Rowling,Hardback,19 Nov 2016
The Ugly Five,Julia Donaldson,Paperback,14 Jun 2018
Harry Potter and the Goblet of Fire,J. K. Rowling,Paperback,16 Oct 2014
The Giver of Stars,Jojo Moyes,Hardback,03 Oct 2019
Ten Little Dinosaurs,Mike Brownlow,Paperback,01 Oct 2015
Where Is Baby's Belly Button?,Karen Katz,Board book,26 Feb 2015
The Diary of a Young Girl,Anne Frank,Paperback,01 Apr 2006
Star Wars Origami,Chris Alexander,Paperback,15 Aug 2012
I Know Why the Caged Bird Sings,Maya Angelou,Paperback,21 Apr 2009
Oxford School Shakespeare: Macbeth,William Shakespeare,Paperback,12 Oct 2009
What Do People Do All Day?,Richard Scarry,Paperback,08 Mar 2018
Women Who Run With The Wolves,Clarissa Pinkola Estes,Paperback,22 Sep 2016
The Secrets We Kept,Lara Prescott,Paperback,23 Sep 2019
Invisible Women,Caroline Criado Perez,Hardback,07 Mar 2019
